{"accuracy": [0.5117320418357849, 0.9056620001792908, 0.959844708442688, 0.9786329865455627, 0.9838755130767822, 0.9872194528579712, 0.9896565675735474, 0.9895431995391846], "loss": [1.6630381345748901, 0.30330890417099, 0.13350693881511688, 0.07388000190258026, 0.053214386105537415, 0.040365032851696014, 0.033652592450380325, 0.03174881637096405], "val_accuracy": [0.8954348564147949, 0.975261390209198, 0.9862279891967773, 0.9903085827827454, 0.991838812828064, 0.991073727607727, 0.991073727607727, 0.9897985458374023], "val_loss": [0.3770639896392822, 0.10268314927816391, 0.05746973678469658, 0.04005220904946327, 0.03387424722313881, 0.03562116250395775, 0.03610704094171524, 0.0400138683617115]}